Timestamp,Edens,Author
2026-06-02T07:16:54.940344,“The world is thinking. It cannot be changed without changing thinking.”,Albert Øystein
2026-06-02T07:16:54.940395,"“It is our show what we truly are, far more than our capabilities.”",J.K. Howling
2026-06-02T07:16:54.940425,“There are only two ways to live your life. One is as though nothing is a miracle. The other is as though everything is a miracle.”,Albert Øyenstein
2026-06-02T07:16:54.940462,"“The person, be it gentleman or lady, who has not pleasure in a good novel, must be intolerably stupid.”",Jane Austen
2026-06-02T07:16:54.940490,"“Imperfection is beauty, madness is genius and it's better to be absolutely ridiculous than absolutely boring.”",Marilyn Monroe
2026-06-02T07:16:54.940517,“Try not to become a man of success. Rather become a man of value.”,Albert Einstein
2026-06-02T07:16:54.940541,“It is better to be hated for what you are than to be loved for what you are not.”,André Gide
2026-06-02T07:16:54.940569,"“I have not failed. I've just found 10,000 ways that won't work.”",Thomas A. Edison
2026-06-02T07:16:54.940595,“A woman is like a tea bag; you never know how strong it is until it's in hot water.”,Eleanor Roosevelt
2026-06-02T07:16:54.940620,"“A day without sunshine is like, you know, night.”",Steve Martin
2026-06-02T20:19:39.960215,“The world is thinking. It cannot be changed without changing thinking.”,Albert Øystein
2026-06-02T20:19:39.960266,"“It is our show what we truly are, far more than our capabilities.”",J.K. Howling
2026-06-02T20:19:39.960295,“There are only two ways to live your life. One is as though nothing is a miracle. The other is as though everything is a miracle.”,Albert Øyenstein
2026-06-02T20:19:39.960332,"“The person, be it gentleman or lady, who has not pleasure in a good novel, must be intolerably stupid.”",Jane Austen
2026-06-02T20:19:39.960360,"“Imperfection is beauty, madness is genius and it's better to be absolutely ridiculous than absolutely boring.”",Marilyn Monroe
2026-06-02T20:19:39.960386,“Try not to become a man of success. Rather become a man of value.”,Albert Einstein
2026-06-02T20:19:39.960411,“It is better to be hated for what you are than to be loved for what you are not.”,André Gide
2026-06-02T20:19:39.960440,"“I have not failed. I've just found 10,000 ways that won't work.”",Thomas A. Edison
2026-06-02T20:19:39.960466,“A woman is like a tea bag; you never know how strong it is until it's in hot water.”,Eleanor Roosevelt
2026-06-02T20:19:39.960493,"“A day without sunshine is like, you know, night.”",Steve Martin
2026-06-03T04:08:45.229397,“The world is thinking. It cannot be changed without changing thinking.”,Albert Øystein
2026-06-03T04:08:45.229450,"“It is our show what we truly are, far more than our capabilities.”",J.K. Howling
2026-06-03T04:08:45.229487,“There are only two ways to live your life. One is as though nothing is a miracle. The other is as though everything is a miracle.”,Albert Øyenstein
2026-06-03T04:08:45.229531,"“The person, be it gentleman or lady, who has not pleasure in a good novel, must be intolerably stupid.”",Jane Austen
2026-06-03T04:08:45.229566,"“Imperfection is beauty, madness is genius and it's better to be absolutely ridiculous than absolutely boring.”",Marilyn Monroe
2026-06-03T04:08:45.229599,“Try not to become a man of success. Rather become a man of value.”,Albert Einstein
2026-06-03T04:08:45.229629,“It is better to be hated for what you are than to be loved for what you are not.”,André Gide
2026-06-03T04:08:45.229661,"“I have not failed. I've just found 10,000 ways that won't work.”",Thomas A. Edison
2026-06-03T04:08:45.229692,“A woman is like a tea bag; you never know how strong it is until it's in hot water.”,Eleanor Roosevelt
2026-06-03T04:08:45.229723,"“A day without sunshine is like, you know, night.”",Steve Martin
2026-06-04T04:02:47.538331,“The world is thinking. It cannot be changed without changing thinking.”,Albert Øystein
2026-06-04T04:02:47.538381,"“It is our show what we truly are, far more than our capabilities.”",J.K. Howling
2026-06-04T04:02:47.538419,“There are only two ways to live your life. One is as though nothing is a miracle. The other is as though everything is a miracle.”,Albert Øyenstein
2026-06-04T04:02:47.538462,"“The person, be it gentleman or lady, who has not pleasure in a good novel, must be intolerably stupid.”",Jane Austen
2026-06-04T04:02:47.538496,"“Imperfection is beauty, madness is genius and it's better to be absolutely ridiculous than absolutely boring.”",Marilyn Monroe
2026-06-04T04:02:47.538528,“Try not to become a man of success. Rather become a man of value.”,Albert Einstein
2026-06-04T04:02:47.538559,“It is better to be hated for what you are than to be loved for what you are not.”,André Gide
2026-06-04T04:02:47.538592,"“I have not failed. I've just found 10,000 ways that won't work.”",Thomas A. Edison
2026-06-04T04:02:47.538623,“A woman is like a tea bag; you never know how strong it is until it's in hot water.”,Eleanor Roosevelt
2026-06-04T04:02:47.538653,"“A day without sunshine is like, you know, night.”",Steve Martin
2026-06-05T03:47:14.637516,“The world is thinking. It cannot be changed without changing thinking.”,Albert Øystein
2026-06-05T03:47:14.637576,"“It is our show what we truly are, far more than our capabilities.”",J.K. Howling
2026-06-05T03:47:14.637614,“There are only two ways to live your life. One is as though nothing is a miracle. The other is as though everything is a miracle.”,Albert Øyenstein
2026-06-05T03:47:14.637661,"“The person, be it gentleman or lady, who has not pleasure in a good novel, must be intolerably stupid.”",Jane Austen
2026-06-05T03:47:14.637697,"“Imperfection is beauty, madness is genius and it's better to be absolutely ridiculous than absolutely boring.”",Marilyn Monroe
2026-06-05T03:47:14.637729,“Try not to become a man of success. Rather become a man of value.”,Albert Einstein
2026-06-05T03:47:14.637760,“It is better to be hated for what you are than to be loved for what you are not.”,André Gide
2026-06-05T03:47:14.637792,"“I have not failed. I've just found 10,000 ways that won't work.”",Thomas A. Edison
2026-06-05T03:47:14.637824,“A woman is like a tea bag; you never know how strong it is until it's in hot water.”,Eleanor Roosevelt
2026-06-05T03:47:14.637854,"“A day without sunshine is like, you know, night.”",Steve Martin
2026-06-06T03:31:42.881061,“The world is thinking. It cannot be changed without changing thinking.”,Albert Øystein
2026-06-06T03:31:42.881134,"“It is our show what we truly are, far more than our capabilities.”",J.K. Howling
2026-06-06T03:31:42.881165,“There are only two ways to live your life. One is as though nothing is a miracle. The other is as though everything is a miracle.”,Albert Øyenstein
2026-06-06T03:31:42.881203,"“The person, be it gentleman or lady, who has not pleasure in a good novel, must be intolerably stupid.”",Jane Austen
2026-06-06T03:31:42.881232,"“Imperfection is beauty, madness is genius and it's better to be absolutely ridiculous than absolutely boring.”",Marilyn Monroe
2026-06-06T03:31:42.881259,“Try not to become a man of success. Rather become a man of value.”,Albert Einstein
2026-06-06T03:31:42.881283,“It is better to be hated for what you are than to be loved for what you are not.”,André Gide
2026-06-06T03:31:42.881312,"“I have not failed. I've just found 10,000 ways that won't work.”",Thomas A. Edison
2026-06-06T03:31:42.881338,“A woman is like a tea bag; you never know how strong it is until it's in hot water.”,Eleanor Roosevelt
2026-06-06T03:31:42.881365,"“A day without sunshine is like, you know, night.”",Steve Martin
2026-06-07T03:57:59.815616,“The world is thinking. It cannot be changed without changing thinking.”,Albert Øystein
2026-06-07T03:57:59.815667,"“It is our show what we truly are, far more than our capabilities.”",J.K. Howling
2026-06-07T03:57:59.815698,“There are only two ways to live your life. One is as though nothing is a miracle. The other is as though everything is a miracle.”,Albert Øyenstein
2026-06-07T03:57:59.815735,"“The person, be it gentleman or lady, who has not pleasure in a good novel, must be intolerably stupid.”",Jane Austen
2026-06-07T03:57:59.815764,"“Imperfection is beauty, madness is genius and it's better to be absolutely ridiculous than absolutely boring.”",Marilyn Monroe
2026-06-07T03:57:59.815791,“Try not to become a man of success. Rather become a man of value.”,Albert Einstein
2026-06-07T03:57:59.815818,“It is better to be hated for what you are than to be loved for what you are not.”,André Gide
2026-06-07T03:57:59.815847,"“I have not failed. I've just found 10,000 ways that won't work.”",Thomas A. Edison
2026-06-07T03:57:59.815874,“A woman is like a tea bag; you never know how strong it is until it's in hot water.”,Eleanor Roosevelt
2026-06-07T03:57:59.815901,"“A day without sunshine is like, you know, night.”",Steve Martin
2026-06-08T04:02:20.147767,“The world is thinking. It cannot be changed without changing thinking.”,Albert Øystein
2026-06-08T04:02:20.147817,"“It is our show what we truly are, far more than our capabilities.”",J.K. Howling
2026-06-08T04:02:20.147851,“There are only two ways to live your life. One is as though nothing is a miracle. The other is as though everything is a miracle.”,Albert Øyenstein
2026-06-08T04:02:20.147894,"“The person, be it gentleman or lady, who has not pleasure in a good novel, must be intolerably stupid.”",Jane Austen
2026-06-08T04:02:20.147926,"“Imperfection is beauty, madness is genius and it's better to be absolutely ridiculous than absolutely boring.”",Marilyn Monroe
2026-06-08T04:02:20.147957,“Try not to become a man of success. Rather become a man of value.”,Albert Einstein
2026-06-08T04:02:20.147988,“It is better to be hated for what you are than to be loved for what you are not.”,André Gide
2026-06-08T04:02:20.148019,"“I have not failed. I've just found 10,000 ways that won't work.”",Thomas A. Edison
2026-06-08T04:02:20.148051,“A woman is like a tea bag; you never know how strong it is until it's in hot water.”,Eleanor Roosevelt
2026-06-08T04:02:20.148083,"“A day without sunshine is like, you know, night.”",Steve Martin
2026-06-09T03:32:36.703195,“The world is thinking. It cannot be changed without changing thinking.”,Albert Øystein
2026-06-09T03:32:36.703249,"“It is our show what we truly are, far more than our capabilities.”",J.K. Howling
2026-06-09T03:32:36.703284,“There are only two ways to live your life. One is as though nothing is a miracle. The other is as though everything is a miracle.”,Albert Øyenstein
2026-06-09T03:32:36.703325,"“The person, be it gentleman or lady, who has not pleasure in a good novel, must be intolerably stupid.”",Jane Austen
2026-06-09T03:32:36.703359,"“Imperfection is beauty, madness is genius and it's better to be absolutely ridiculous than absolutely boring.”",Marilyn Monroe
2026-06-09T03:32:36.703391,“Try not to become a man of success. Rather become a man of value.”,Albert Einstein
2026-06-09T03:32:36.703420,“It is better to be hated for what you are than to be loved for what you are not.”,André Gide
2026-06-09T03:32:36.703451,"“I have not failed. I've just found 10,000 ways that won't work.”",Thomas A. Edison
2026-06-09T03:32:36.703480,“A woman is like a tea bag; you never know how strong it is until it's in hot water.”,Eleanor Roosevelt
2026-06-09T03:32:36.703508,"“A day without sunshine is like, you know, night.”",Steve Martin
2026-06-10T03:43:24.094333,“The world is thinking. It cannot be changed without changing thinking.”,Albert Øystein
2026-06-10T03:43:24.094385,"“It is our show what we truly are, far more than our capabilities.”",J.K. Howling
2026-06-10T03:43:24.094415,“There are only two ways to live your life. One is as though nothing is a miracle. The other is as though everything is a miracle.”,Albert Øyenstein
2026-06-10T03:43:24.094453,"“The person, be it gentleman or lady, who has not pleasure in a good novel, must be intolerably stupid.”",Jane Austen
2026-06-10T03:43:24.094481,"“Imperfection is beauty, madness is genius and it's better to be absolutely ridiculous than absolutely boring.”",Marilyn Monroe
2026-06-10T03:43:24.094510,“Try not to become a man of success. Rather become a man of value.”,Albert Einstein
2026-06-10T03:43:24.094535,“It is better to be hated for what you are than to be loved for what you are not.”,André Gide
2026-06-10T03:43:24.094563,"“I have not failed. I've just found 10,000 ways that won't work.”",Thomas A. Edison
2026-06-10T03:43:24.094590,“A woman is like a tea bag; you never know how strong it is until it's in hot water.”,Eleanor Roosevelt
2026-06-10T03:43:24.094617,"“A day without sunshine is like, you know, night.”",Steve Martin
